,artist,danceability,energy,loudness,valence
0,BLACKPINK,0.7070629722921764,0.8068549118388034,-3.7433869017631265,0.49114735516373076
1,ITZY,0.7948880308880363,0.8990405405405412,-3.9364111969111892,0.6438918918918871
2,MOMOLAND,0.7605628626692517,0.8236595744680896,-3.46536363636364,0.8621682785299801
3,Red Velvet,0.6774755639097662,0.7137030075187941,-2.5758383458646543,0.46481766917293216
4,TWICE,0.688438551759298,0.892673125956149,-2.3685374808770785,0.6783615502294744
